run time: 89280; warm up: 2
Number of solar panels;0; ; ;2; ; ;4; ;
;S;W;A;S;W;A;S;W;A
Base;0.0;0.0;0.00.0;0.0;0.0;0.0;0.0;0.0;0.0;0.0;0.0
Price driven;0.0;0.0;0.00.0;0.0;0.0;0.0;0.0;0.0;0.0;0.0;0.0
FCFS;317.8916330351631;317.8916330351631;317.8916330351631317.8916330351631;317.8916330351631;317.8916330351631;207.58926904211825;294.4980229473919;251.04364599475508;106.6402507194647;258.4830240875265;182.56163740349558
ELFS;295.8331003412202;295.8331003412202;295.8331003412202295.8331003412202;295.8331003412202;295.8331003412202;189.50295249271886;274.6390866031239;232.0710195479214;122.74455377419464;233.75658675996925;178.25057026708194
