run time: 89280; warm up: 2
Number of solar panels;0; ; ;2; ; ;4; ;
;S;W;A;S;W;A;S;W;A
Base;655.6;655.6;655.6655.6;655.6;655.6;655.4;654.8333333333334;655.1166666666667;651.8833333333333;655.1666666666666;653.525
Price driven;660.4166666666666;660.4166666666666;660.4166666666666660.4166666666666;660.4166666666666;660.4166666666666;653.0;653.2833333333333;653.1416666666667;656.1;654.8;655.45
FCFS;453.53333333333336;453.53333333333336;453.53333333333336453.53333333333336;453.53333333333336;453.53333333333336;535.4333333333333;474.68333333333334;505.0583333333333;598.6333333333333;502.28333333333336;550.4583333333334
ELFS;477.73333333333335;477.73333333333335;477.73333333333335477.73333333333335;477.73333333333335;477.73333333333335;550.85;494.53333333333336;522.6916666666667;599.6666666666666;520.5666666666667;560.1166666666667
