run time: 89280; warm up: 2
Number of solar panels;0; ; ;2; ; ;4; ;
;S;W;A;S;W;A;S;W;A
Base;0.0;0.0;0.00.0;0.0;0.0;26485.841387899716;7269.665302133327;16877.75334501652;53049.57406188242;14315.226450995868;33682.40025643914
Price driven;0.0;0.0;0.00.0;0.0;0.0;26485.78162427854;7140.016136018601;16812.898880148572;52639.691857056416;14421.158236280336;33530.42504666837
FCFS;0.0;0.0;0.00.0;0.0;0.0;26530.677101278576;7192.632069402138;16861.65458534036;52437.09975585253;14188.790831171103;33312.94529351182
ELFS;0.0;0.0;0.00.0;0.0;0.0;26356.851877966754;7178.058756519306;16767.45531724303;52434.653075078364;14404.198820863248;33419.425947970805
