run time: 89280; warm up: 2
Number of solar panels;0; ; ;2; ; ;4; ;
;S;W;A;S;W;A;S;W;A
Base;0.0;0.0;0.00.0;0.0;0.0;0.0;0.0;0.0;0.0;0.0;0.0
Price driven;0.0;0.0;0.00.0;0.0;0.0;0.0;0.0;0.0;0.0;0.0;0.0
FCFS;1479.4493052153261;1479.4493052153261;1479.44930521532611479.4493052153261;1479.4493052153261;1479.4493052153261;1072.6194077225362;1387.1226889180548;1229.8710483202954;777.5404811624519;1246.862475969153;1012.2014785658024
ELFS;855.4348468202965;855.4348468202965;855.4348468202965855.4348468202965;855.4348468202965;855.4348468202965;528.8036332402573;786.2191511560497;657.5113921981535;419.1001492841471;651.9166990228366;535.5084241534919
